title;finished
The origin of capitalism - a longer view;August 15, 2024
Transformative Innovation- A Guide to Practice and Policy for System Transition;April 17, 2024
Three Horizons- The Patterning of Hope;April 07, 2024
Braiding Sweetgrass;January 01, 2024
Debt- The First 5000 Years;May 13, 2023
Design Systems Book — Laying the Foundations;January 01, 2023
How to Blow Up a Pipeline;January 01, 2022
Why I’m No Longer Talking to White People About Race;February 18, 2021
The Left Hand of Darkness;January 29, 2021
The Uninhabitable Earth - Life After Warming;November 08, 2020
The End of Policing;October 10, 2020
The Salt Path;August 07, 2020
Prosocial - Using Evolutionary Science to Build Productive, Equitable, and Collaborative Groups;June 07, 2020
The Secret History of Twin Peaks;June 07, 2020
Wild Guide Scotland - Hidden Places, Great Adventures & the Good Life;June 07, 2020
Japonisme - Ikigai, Forest Bathing, Wabi-sabi and more;February 22, 2020
The Living Mountain;December 28, 2019
Black Against Empire - The History and Politics of the Black Panther Party;October 18, 2019
The Stone Sky (The Broken Earth, #3);October 07, 2019
Drawdown - The Most Comprehensive Plan Ever Proposed to Reverse Global Warming;October 01, 2019
The Obelisk Gate (The Broken Earth, #2);September 24, 2019
The Fifth Season (The Broken Earth, #1);September 17, 2019
How to Do Nothing - Resisting the Attention Economy;September 11, 2019
Record of a Spaceborn Few (Wayfarers, #3);September 11, 2019
How to Shit in the Woods - An Environmentally Sound Approach to a Lost Art;July 22, 2019
A Bike Ride - 12,000 miles around the world;July 18, 2019
Back in the Frame - How to get back on your bike, whatever life throws at you;July 11, 2019
Marx at the Arcade - Consoles, Controllers, and Class Struggle;March 21, 2019
Chris Packham's Back Garden Nature Reserve;October 28, 2018
Happiness - A Guide to Developing Life's Most Important Skill;October 26, 2018
Something Wicked This Way Comes (Green Town, #2);October 23, 2018
A Closed and Common Orbit (Wayfarers #2);October 19, 2018
Binti (Binti, #1);October 18, 2018
Home (Binti, #2);October 18, 2018
The Great Passage;October 18, 2018
The Long Way to a Small, Angry Planet (Wayfarers, #1);October 18, 2018
Natives - Race and Class in the Ruins of Empire;October 09, 2018
God Is Red - A Native View of Religion;July 15, 2018
The Island at the End of Everything;July 01, 2018
Carbon Zero - Imagining Cities That Can Save The Planet;October 08, 2017
Doughnut Economics - Seven Ways to Think Like a 21st-Century Economist;October 08, 2017
Reality is Broken - Why Games Make Us Better and How They Can Change the World;October 02, 2017
Happy - Why More or Less Everything is Absolutely Fine;September 22, 2017
The Book of Joy - Lasting Happiness in a Changing World;September 18, 2017
Thinking in Systems - A Primer;September 01, 2017
Emergent Strategy - Shaping Change, Changing Worlds;August 20, 2017
Buddhism For Sheep;August 14, 2017
Who Rules the World_;August 13, 2017
A Tale of Two Cities;May 16, 2017
The Elements of Eloquence - How to Turn the Perfect English Phrase;April 02, 2017
The Wide Window (A Series of Unfortunate Events, #3);February 13, 2017
Eclipse of Reason;February 05, 2017
The Mountains of California;January 23, 2017
Atlas Obscura - An Explorer's Guide to the World's Hidden Wonders;January 13, 2017
The Reptile Room (A Series of Unfortunate Events, #2);January 10, 2017
Nature First - Outdoor Life the Friluftsliv Way;January 09, 2017
A History of Western Philosophy;January 01, 2017
The Fellowship of the Ring (The Lord of the Rings, #1);January 01, 2017
The Return of the King (The Lord of the Rings, #3);January 01, 2017
The Two Towers (The Lord of the Rings, #2);January 01, 2017
Persuasive Games - The Expressive Power of Videogames;December 26, 2016
The Empress of Australia - A Post-War Memoir;December 15, 2016
The Good Immigrant;December 12, 2016
The Bad Beginning (A Series of Unfortunate Events, #1);November 19, 2016
An Astronaut's Guide to Life on Earth;October 26, 2016
Ishmael - An Adventure of the Mind and Spirit (Ishmael, #1);October 17, 2016
Flow - The Psychology of Optimal Experience;September 03, 2016
Aftermath (Star Wars - Aftermath, #1);August 20, 2016
Complicit No More;August 16, 2016
With Each and Every Breath;August 15, 2016
Ecology - Cohesive, Concise, yet Comprehensive Introduction for Students and Professionals;July 12, 2016
The Open Road - The Global Journey of the Fourteenth Dalai Lama;July 10, 2016
Blue Mind - The Surprising Science That Shows How Being Near, In, On, or Under Water Can Make You Happier, Healthier, More Connected, and Better at What You Do;July 08, 2016
Walking;June 22, 2016
Permaculture in Pots - How to Grow Food in Small Urban Spaces;June 19, 2016
Active Hope - How to Face the Mess We're in without Going Crazy;June 18, 2016
The Genius of Birds;June 18, 2016
The Vegan Book of Permaculture - Recipes for Healthy Eating and Earthright Living;May 30, 2016
Originals - How Non-Conformists Move the World;May 29, 2016
The Establishment - And How They Get Away with It;May 29, 2016
Permaculture - Permaculture for Beginners - 10 Simple Ways to Build a Sustainable Ecosystem and Enjoy a Healthy Community;April 22, 2016
Permaculture for Beginners;April 21, 2016
Brick Walls - Tales of Hope & Courage from Pakistan;April 19, 2016
Feral - Searching for Enchantment on the Frontiers of Rewilding;April 16, 2016
Cabin Porn - Inspiration for Your Quiet Place Somewhere;March 28, 2016
Seeds of Hope - Wisdom and Wonder from the World of Plants;March 26, 2016
The Lord of the Rings;March 26, 2016
Number9Dream;March 09, 2016
The Joyous Cosmology - Adventures in the Chemistry of Consciousness;December 31, 2015
Real-Time Cameras - A Guide for Game Designers and Developers;December 29, 2015
Lords of the Sith (Star Wars);July 28, 2015
Tarkin;July 20, 2015
A Guide to the Threefold Lotus Sutra;July 15, 2015
Grimm Tales - For Young and Old;June 26, 2015
The Story of My Boyhood and Youth;June 26, 2015
Guards! Guards! (Discworld, #8; City Watch #1);December 27, 2014
Small Is Beautiful - Economics as if People Mattered;December 07, 2014
Programming in Lua;December 01, 2014
The IDA Pro Book - The Unofficial Guide to the World's Most Popular Disassembler;November 01, 2014
The Bone Clocks;October 31, 2014
A Field Guide to Getting Lost;September 20, 2014
Life of Pi;August 25, 2014
Brave New World;August 02, 2014
A Shakespeare Treasury;July 28, 2014
Making History;July 23, 2014
It's Been a Good Life;July 18, 2014
Ilium (Ilium, #1);July 14, 2014
The Undercover Economist;June 18, 2014
Zen and the Art of Motorcycle Maintenance - An Inquiry Into Values (Phaedrus, #1);June 13, 2014
The Underachiever's Manifesto - The Guide to Accomplishing Little and Feeling Great;June 05, 2014
The Thousandfold Thought (The Prince of Nothing, #3);June 01, 2014
The Warrior Prophet (The Prince of Nothing, #2);April 06, 2014
Spark for the Fire - How youthful thinking unlocks creativity;March 28, 2014
Life Nomadic - How to Travel the World for Less Than You Pay in Rent;February 21, 2014
Emma;February 20, 2014
The Darkness That Comes Before (The Prince of Nothing, #1);February 16, 2014
If This Isn't Nice, What Is_ - Advice for the Young;November 03, 2013
Ether;October 05, 2013
Sense and Sensibility;June 17, 2013
Do Androids Dream of Electric Sheep_ (Blade Runner, #1);May 08, 2013
House of Leaves;April 25, 2013
Open Your Mind, Open Your Life - A Little Book of Eastern Wisdom;February 19, 2013
Cloud Atlas;February 17, 2013
The Fade;February 13, 2013
Ready Player One (Ready Player One, #1);November 19, 2012
The Rise of Endymion (Hyperion Cantos, #4);November 16, 2012
Endymion (Hyperion Cantos, #3);October 19, 2012
The Fall of Hyperion (Hyperion Cantos #2);September 24, 2012
The Yosemite;September 17, 2012
The Wandering Wombles;September 12, 2012
A field guide to the trees of Britain and Northern Europe;September 10, 2012
The Road;September 07, 2012
American on Purpose - The Improbable Adventures of an Unlikely Patriot;September 04, 2012
Lost and Philosophy - The Island Has Its Reasons;September 04, 2012
Nemesis;September 04, 2012
Hyperion;September 03, 2012
Heart of Darkness;August 12, 2012
The Life of Buddha and Its Lessons;August 05, 2012
Alice in Wonderland;August 04, 2012
Pride and Prejudice;August 03, 2012
The Fountains of Paradise;July 31, 2012
20 000 Leagues Under the Sea;July 19, 2012
Realms Unreel;June 30, 2012
Alex's Adventures in Numberland - Dispatches from the Wonderful World of Mathematics;June 04, 2012
Of Time, Space, and Other Things;April 14, 2012
The Gods Themselves;April 12, 2012
The Code Book - The Science of Secrecy from Ancient Egypt to Quantum Cryptography;April 11, 2012
Life, the Universe and Everything (Hitchhiker's Guide to the Galaxy, #3);March 27, 2012
The Restaurant at the End of the Universe (Hitchhiker's Guide to the Galaxy, #2);March 02, 2012
What the Buddha Taught;February 28, 2012
Anthem;February 27, 2012
Siddhartha;February 26, 2012
The Stars, Like Dust (Galactic Empire, #1);February 26, 2012
Mindfulness in Plain English;February 25, 2012
3001 - The Final Odyssey (Space Odyssey, #4);February 23, 2012
2061 - Odyssey Three (Space Odyssey, #3);February 22, 2012
2010 - Odyssey Two (Space Odyssey, #2);February 20, 2012
2001 - A Space Odyssey (Space Odyssey, #1);February 18, 2012
Treasure Island;February 17, 2012
1984;February 11, 2012
The Island of Dr. Moreau;December 21, 2011
Thera Awakening;July 09, 2011
Reading Lost - Perspectives on a Hit Television Show;June 20, 2011
Pebble in the Sky (Galactic Empire #3);June 16, 2011
Containment (Children of Occam #1);June 06, 2011
How to Live on 24 Hours a Day;June 06, 2011
Slaughterhouse-Five;May 10, 2011
The End of Eternity;April 14, 2011
Story of the Eye;December 26, 2010
God Bless You, Dr. Kevorkian;August 25, 2010
The Sirens of Titan;August 23, 2010
The Hitchhiker's Guide to the Galaxy (Hitchhiker's Guide to the Galaxy, #1);July 09, 2010
Twilight (Twilight, #1);May 13, 2010
Foundation's Edge (Foundation #4);September 23, 2009
The Last Theorem;September 20, 2009
Inferno (Isaac Asimov's Caliban, #2);September 04, 2009
Prelude to Foundation;August 25, 2009
Northern Lights (His Dark Materials, #1);August 16, 2009
Foundation and Earth (Foundation #5);August 09, 2009
Second Foundation (Foundation #3);July 22, 2009
Robots and Empire (Robot, #4);July 15, 2009
The Robots of Dawn (Robot, #3);July 08, 2009
Firstborn (A Time Odyssey, #3);May 22, 2009
Sunstorm (A Time Odyssey, #2);May 06, 2009
Rendezvous with Rama (Rama, #1);April 26, 2009
Time's Eye (A Time Odyssey, #1);April 24, 2009
Foundation and Empire (Foundation #2);April 18, 2009
The Naked Sun (Robot, #2);April 14, 2009
The Caves of Steel (Robot #1);April 01, 2009
I, Robot (Robot, #0.1);March 26, 2009
Foundation (Foundation, #1);March 16, 2009
The Silmarillion;December 16, 2008
Star Wars - Tales From the Mos Eisley Cantina;November 18, 2008
Harry Potter and the Deathly Hallows (Harry Potter, #7);January 01, 2007
The Last Question;January 01, 2007
Angels & Demons (Robert Langdon, #1);January 01, 2006
Harry Potter and the Order of the Phoenix (Harry Potter, #5);January 01, 2004
Harry Potter and the Prisoner of Azkaban (Harry Potter, #3);January 01, 2004
The Great Gatsby;January 01, 2004
Adam and Eve and Pinch Me;January 01, 2003
Harry Potter and the Sorcerer's Stone (Harry Potter, #1);January 01, 2003
The Time Traveler's Wife;January 01, 2003
Harry Potter and the Goblet of Fire (Harry Potter, #4);January 01, 2002
The Death and Life of Superman;January 01, 2002
The Hobbit, or There and Back Again;January 01, 2002
Harry Potter and the Chamber of Secrets (Harry Potter, #2);January 01, 1999
Lord of the Flies;January 01, 1999
Drawing on the Right Side of the Brain - A Course in Enhancing Creativity and Artistic Confidence;-
Harry Potter and the Half-Blood Prince (Harry Potter, #6);-
How to Be an Antiracist;-
Meditations;-
Reasons and Persons;-
Tales of Ten Worlds;-
The Book on the Taboo Against Knowing Who You Are;-
The Night Masquerade (Binti, #3);-
The Paper Menagerie and Other Stories;-
The Shepherd's Tale (Serenity, #3);-
Thing Explainer - Complicated Stuff in Simple Words;-
Walden & Civil Disobedience;-
Ways of Seeing;-
Yesterday's Man - The Case Against Joe Biden;-
You're Never Weird on the Internet (Almost);-
